{"cameraMode":{"drawMode":0,"name":"Shaded","section":"Shading Mode"},"sceneLighting":true,"audioPlay":false,"sceneViewState":{"showFog":true,"showMaterialUpdate":false,"showSkybox":true,"showFlares":true,"showImageEffects":true,"showParticleSystems":true,"showVisualEffectGraphs":true,"m_FxEnabled":true},"in2DMode":false,"pivot":{"x":-6.4545183181762699,"y":6.108607769012451,"z":-4.526270866394043},"rotation":{"x":0.008160247467458249,"y":0.8337762355804443,"z":-0.011761683970689774,"w":0.5521885752677918},"size":0.6072226762771606,"orthographic":true}